{
  "params": {
    "n": 2000,
    "d": 500,
    "ell": 20,
    "n_seeds": 3,
    "densities": [
      0.005,
      0.02,
      0.05,
      0.1,
      0.3
    ]
  },
  "calib": {
    "alpha_fd": 2.766869942597968e-09,
    "beta_sfd": 2.010220925943659e-09,
    "d": 500,
    "ell": 20,
    "n_iter": 4,
    "device": "cpu",
    "grid": [
      [
        200,
        0.5
      ],
      [
        200,
        0.05
      ],
      [
        500,
        0.5
      ],
      [
        500,
        0.05
      ],
      [
        1000,
        0.01
      ]
    ]
  },
  "rows": [
    {
      "rho": 0.005,
      "n": 2000,
      "d": 500,
      "ell": 20,
      "fd": {
        "wall_median": 0.05506029200000001,
        "wall_q25": 0.054994313000000045,
        "wall_q75": 0.07217739600000002,
        "cov_err_median": 0.20985573462442897,
        "cov_err_q25": 0.20985573462442897,
        "cov_err_q75": 0.20985573462442897,
        "rel_err_median": 0.01091463164589596,
        "rel_err_q25": 0.01091463164589596,
        "rel_err_q75": 0.01091463164589596,
        "n_seeds": 3
      },
      "sfd": {
        "wall_median": 0.003728790999999898,
        "wall_q25": 0.0037248534999999583,
        "wall_q75": 0.004519749499999948,
        "cov_err_median": 0.14353775766306906,
        "cov_err_q25": 0.1422314190825621,
        "cov_err_q75": 0.14455789565130794,
        "rel_err_median": 0.007465422638909894,
        "rel_err_q25": 0.007397479752161654,
        "rel_err_q75": 0.007518480185274016,
        "n_seeds": 3
      },
      "adaptive": {
        "wall_median": 0.0036349579999999104,
        "wall_q25": 0.003609791499999959,
        "wall_q75": 0.0039941664999999515,
        "cov_err_median": 0.14353775766306906,
        "cov_err_q25": 0.1422314190825621,
        "cov_err_q75": 0.14455789565130794,
        "rel_err_median": 0.007465422638909894,
        "rel_err_q25": 0.007397479752161654,
        "rel_err_q75": 0.007518480185274016,
        "n_seeds": 3
      }
    },
    {
      "rho": 0.02,
      "n": 2000,
      "d": 500,
      "ell": 20,
      "fd": {
        "wall_median": 0.053954084000000124,
        "wall_q25": 0.05388431299999996,
        "wall_q75": 0.05401881250000007,
        "cov_err_median": 0.7889129296518322,
        "cov_err_q25": 0.7889129296518322,
        "cov_err_q75": 0.7889129296518322,
        "rel_err_median": 0.008128333213394914,
        "rel_err_q25": 0.008128333213394914,
        "rel_err_q75": 0.008128333213394914,
        "n_seeds": 3
      },
      "sfd": {
        "wall_median": 0.005434584000000076,
        "wall_q25": 0.005424187500000066,
        "wall_q75": 0.005465625500000071,
        "cov_err_median": 0.6411389923961006,
        "cov_err_q25": 0.6371989423504328,
        "cov_err_q75": 0.6429933549292978,
        "rel_err_median": 0.006605787749727586,
        "rel_err_q25": 0.0065651925985455994,
        "rel_err_q75": 0.006624893630746564,
        "n_seeds": 3
      },
      "adaptive": {
        "wall_median": 0.005490125000000123,
        "wall_q25": 0.0054342080000000514,
        "wall_q75": 0.005508541500000019,
        "cov_err_median": 0.6411389923961006,
        "cov_err_q25": 0.6371989423504328,
        "cov_err_q75": 0.6429933549292978,
        "rel_err_median": 0.006605787749727586,
        "rel_err_q25": 0.0065651925985455994,
        "rel_err_q75": 0.006624893630746564,
        "n_seeds": 3
      }
    },
    {
      "rho": 0.05,
      "n": 2000,
      "d": 500,
      "ell": 20,
      "fd": {
        "wall_median": 0.05423137500000008,
        "wall_q25": 0.05402845800000011,
        "wall_q75": 0.054260333500000146,
        "cov_err_median": 2.390879148407746,
        "cov_err_q25": 2.390879148407746,
        "cov_err_q75": 2.390879148407746,
        "rel_err_median": 0.009839422996988409,
        "rel_err_q25": 0.009839422996988409,
        "rel_err_q75": 0.009839422996988409,
        "n_seeds": 3
      },
      "sfd": {
        "wall_median": 0.011089042000000049,
        "wall_q25": 0.01101964600000005,
        "wall_q75": 0.01112020849999995,
        "cov_err_median": 1.8234104303118925,
        "cov_err_q25": 1.819681256465488,
        "cov_err_q75": 1.826820125687155,
        "rel_err_median": 0.007504062483838942,
        "rel_err_q25": 0.007488715443429762,
        "rel_err_q75": 0.007518094742688338,
        "n_seeds": 3
      },
      "adaptive": {
        "wall_median": 0.010869540999999927,
        "wall_q25": 0.010849207999999777,
        "wall_q75": 0.010956500000000036,
        "cov_err_median": 1.8234104303118925,
        "cov_err_q25": 1.819681256465488,
        "cov_err_q75": 1.826820125687155,
        "rel_err_median": 0.007504062483838942,
        "rel_err_q25": 0.007488715443429762,
        "rel_err_q75": 0.007518094742688338,
        "n_seeds": 3
      }
    },
    {
      "rho": 0.1,
      "n": 2000,
      "d": 500,
      "ell": 20,
      "fd": {
        "wall_median": 0.0537824579999997,
        "wall_q25": 0.05372789600000005,
        "wall_q75": 0.05386635399999973,
        "cov_err_median": 7.817506886722322,
        "cov_err_q25": 7.817506886722322,
        "cov_err_q75": 7.817506886722322,
        "rel_err_median": 0.016195341875755224,
        "rel_err_q25": 0.016195341875755224,
        "rel_err_q75": 0.016195341875755224,
        "n_seeds": 3
      },
      "sfd": {
        "wall_median": 0.01949708300000008,
        "wall_q25": 0.01931531200000003,
        "wall_q75": 0.019615666500000017,
        "cov_err_median": 4.9022200617745835,
        "cov_err_q25": 4.882511241879762,
        "cov_err_q75": 4.911061194690941,
        "rel_err_median": 0.010155811948879875,
        "rel_err_q25": 0.010114981658508599,
        "rel_err_q75": 0.010174127912296882,
        "n_seeds": 3
      },
      "adaptive": {
        "wall_median": 0.019732083000000067,
        "wall_q25": 0.01961347899999999,
        "wall_q75": 0.01982239550000009,
        "cov_err_median": 4.9022200617745835,
        "cov_err_q25": 4.882511241879762,
        "cov_err_q75": 4.911061194690941,
        "rel_err_median": 0.010155811948879875,
        "rel_err_q25": 0.010114981658508599,
        "rel_err_q75": 0.010174127912296882,
        "n_seeds": 3
      }
    },
    {
      "rho": 0.3,
      "n": 2000,
      "d": 500,
      "ell": 20,
      "fd": {
        "wall_median": 0.05352833300000004,
        "wall_q25": 0.05316422899999984,
        "wall_q75": 0.05360200000000015,
        "cov_err_median": 44.17837686159596,
        "cov_err_q25": 44.17837686159596,
        "cov_err_q75": 44.17837686159596,
        "rel_err_median": 0.031045887823256013,
        "rel_err_q25": 0.031045887823256013,
        "rel_err_q75": 0.031045887823256013,
        "n_seeds": 3
      },
      "sfd": {
        "wall_median": 0.052604500000000165,
        "wall_q25": 0.052498895499999865,
        "wall_q75": 0.05280206250000008,
        "cov_err_median": 22.289526528118127,
        "cov_err_q25": 22.280262844165048,
        "cov_err_q75": 22.37700305103379,
        "rel_err_median": 0.01566372939398312,
        "rel_err_q25": 0.01565721943790804,
        "rel_err_q75": 0.015725202596724733,
        "n_seeds": 3
      },
      "adaptive": {
        "wall_median": 0.050145500000000176,
        "wall_q25": 0.04984466649999986,
        "wall_q75": 0.05053702099999979,
        "cov_err_median": 32.199078772851216,
        "cov_err_q25": 32.199078772851216,
        "cov_err_q75": 32.199078772851216,
        "rel_err_median": 0.022627562590764004,
        "rel_err_q25": 0.022627562590764004,
        "rel_err_q75": 0.022627562590764004,
        "n_seeds": 3
      }
    }
  ]
}