{
  "params": {
    "n": 2000,
    "d": 500,
    "ell": 20,
    "n_seeds": 3,
    "densities": [
      0.005,
      0.02,
      0.05,
      0.1,
      0.3
    ]
  },
  "calib": {
    "alpha_fd": 2.766869942597968e-09,
    "beta_sfd": 2.010220925943659e-09,
    "d": 500,
    "ell": 20,
    "n_iter": 4,
    "device": "cpu",
    "grid": [
      [
        200,
        0.5
      ],
      [
        200,
        0.05
      ],
      [
        500,
        0.5
      ],
      [
        500,
        0.05
      ],
      [
        1000,
        0.01
      ]
    ]
  },
  "rows": [
    {
      "rho": 0.005,
      "n": 2000,
      "d": 500,
      "ell": 20,
      "fd": {
        "wall_median": 0.06746762499096803,
        "wall_q25": 0.06332962500164285,
        "wall_q75": 0.07007189599971753,
        "cov_err_median": 0.20985573462442897,
        "cov_err_q25": 0.20985573462442897,
        "cov_err_q75": 0.20985573462442897,
        "rel_err_median": 0.01091463164589596,
        "rel_err_q25": 0.01091463164589596,
        "rel_err_q75": 0.01091463164589596,
        "n_seeds": 3
      },
      "sfd": {
        "wall_median": 0.003997125008027069,
        "wall_q25": 0.003981729503720999,
        "wall_q75": 0.004405292005685624,
        "cov_err_median": 0.14353775766306906,
        "cov_err_q25": 0.1422314190825621,
        "cov_err_q75": 0.14455789565130794,
        "rel_err_median": 0.007465422638909894,
        "rel_err_q25": 0.007397479752161654,
        "rel_err_q75": 0.007518480185274016,
        "n_seeds": 3
      },
      "adaptive": {
        "wall_median": 0.004594875004841015,
        "wall_q25": 0.004485520505113527,
        "wall_q75": 0.005038062503444962,
        "cov_err_median": 0.14353775766306906,
        "cov_err_q25": 0.1422314190825621,
        "cov_err_q75": 0.14455789565130794,
        "rel_err_median": 0.007465422638909894,
        "rel_err_q25": 0.007397479752161654,
        "rel_err_q75": 0.007518480185274016,
        "n_seeds": 3
      }
    },
    {
      "rho": 0.02,
      "n": 2000,
      "d": 500,
      "ell": 20,
      "fd": {
        "wall_median": 0.06743924999318551,
        "wall_q25": 0.06643227099266369,
        "wall_q75": 0.0677478959914879,
        "cov_err_median": 0.7889129296518322,
        "cov_err_q25": 0.7889129296518322,
        "cov_err_q75": 0.7889129296518322,
        "rel_err_median": 0.008128333213394914,
        "rel_err_q25": 0.008128333213394914,
        "rel_err_q75": 0.008128333213394914,
        "n_seeds": 3
      },
      "sfd": {
        "wall_median": 0.006123666011262685,
        "wall_q25": 0.005930729006649926,
        "wall_q75": 0.006771312007913366,
        "cov_err_median": 0.6411389923961006,
        "cov_err_q25": 0.6371989423504328,
        "cov_err_q75": 0.6429933549292978,
        "rel_err_median": 0.006605787749727586,
        "rel_err_q25": 0.0065651925985455994,
        "rel_err_q75": 0.006624893630746564,
        "n_seeds": 3
      },
      "adaptive": {
        "wall_median": 0.006551250000484288,
        "wall_q25": 0.0062648329985677265,
        "wall_q75": 0.007876479496189859,
        "cov_err_median": 0.6411389923961006,
        "cov_err_q25": 0.6371989423504328,
        "cov_err_q75": 0.6429933549292978,
        "rel_err_median": 0.006605787749727586,
        "rel_err_q25": 0.0065651925985455994,
        "rel_err_q75": 0.006624893630746564,
        "n_seeds": 3
      }
    },
    {
      "rho": 0.05,
      "n": 2000,
      "d": 500,
      "ell": 20,
      "fd": {
        "wall_median": 0.05963854098808952,
        "wall_q25": 0.059337957987736445,
        "wall_q75": 0.0605086039940943,
        "cov_err_median": 2.390879148407746,
        "cov_err_q25": 2.390879148407746,
        "cov_err_q75": 2.390879148407746,
        "rel_err_median": 0.009839422996988409,
        "rel_err_q25": 0.009839422996988409,
        "rel_err_q75": 0.009839422996988409,
        "n_seeds": 3
      },
      "sfd": {
        "wall_median": 0.01251258299453184,
        "wall_q25": 0.012251833497430198,
        "wall_q75": 0.01303066649415996,
        "cov_err_median": 1.8234104303118925,
        "cov_err_q25": 1.819681256465488,
        "cov_err_q75": 1.826820125687155,
        "rel_err_median": 0.007504062483838942,
        "rel_err_q25": 0.007488715443429762,
        "rel_err_q75": 0.007518094742688338,
        "n_seeds": 3
      },
      "adaptive": {
        "wall_median": 0.013214040998718701,
        "wall_q25": 0.012567791498440783,
        "wall_q75": 0.0138990624982398,
        "cov_err_median": 1.8234104303118925,
        "cov_err_q25": 1.819681256465488,
        "cov_err_q75": 1.826820125687155,
        "rel_err_median": 0.007504062483838942,
        "rel_err_q25": 0.007488715443429762,
        "rel_err_q75": 0.007518094742688338,
        "n_seeds": 3
      }
    },
    {
      "rho": 0.1,
      "n": 2000,
      "d": 500,
      "ell": 20,
      "fd": {
        "wall_median": 0.059829999998328276,
        "wall_q25": 0.05940318749344442,
        "wall_q75": 0.06010550000064541,
        "cov_err_median": 7.817506886722322,
        "cov_err_q25": 7.817506886722322,
        "cov_err_q75": 7.817506886722322,
        "rel_err_median": 0.016195341875755224,
        "rel_err_q25": 0.016195341875755224,
        "rel_err_q75": 0.016195341875755224,
        "n_seeds": 3
      },
      "sfd": {
        "wall_median": 0.020356624998385087,
        "wall_q25": 0.02030214550177334,
        "wall_q75": 0.02099087499664165,
        "cov_err_median": 4.9022200617745835,
        "cov_err_q25": 4.882511241879762,
        "cov_err_q75": 4.911061194690941,
        "rel_err_median": 0.010155811948879875,
        "rel_err_q25": 0.010114981658508599,
        "rel_err_q75": 0.010174127912296882,
        "n_seeds": 3
      },
      "adaptive": {
        "wall_median": 0.020934917003614828,
        "wall_q25": 0.019748375001654495,
        "wall_q75": 0.021856500003195833,
        "cov_err_median": 4.9022200617745835,
        "cov_err_q25": 4.882511241879762,
        "cov_err_q75": 4.911061194690941,
        "rel_err_median": 0.010155811948879875,
        "rel_err_q25": 0.010114981658508599,
        "rel_err_q75": 0.010174127912296882,
        "n_seeds": 3
      }
    },
    {
      "rho": 0.3,
      "n": 2000,
      "d": 500,
      "ell": 20,
      "fd": {
        "wall_median": 0.06185633399582002,
        "wall_q25": 0.061021875495498534,
        "wall_q75": 0.0651508334922255,
        "cov_err_median": 44.17837686159596,
        "cov_err_q25": 44.17837686159596,
        "cov_err_q75": 44.17837686159596,
        "rel_err_median": 0.031045887823256013,
        "rel_err_q25": 0.031045887823256013,
        "rel_err_q75": 0.031045887823256013,
        "n_seeds": 3
      },
      "sfd": {
        "wall_median": 0.05982791700807866,
        "wall_q25": 0.057597729508415796,
        "wall_q75": 0.0646486250043381,
        "cov_err_median": 22.289526528118127,
        "cov_err_q25": 22.280262844165048,
        "cov_err_q75": 22.37700305103379,
        "rel_err_median": 0.01566372939398312,
        "rel_err_q25": 0.01565721943790804,
        "rel_err_q75": 0.015725202596724733,
        "n_seeds": 3
      },
      "adaptive": {
        "wall_median": 0.0687503750086762,
        "wall_q25": 0.06868822900287341,
        "wall_q75": 0.07060481249936856,
        "cov_err_median": 24.549917513905495,
        "cov_err_q25": 24.549917513905495,
        "cov_err_q75": 24.549917513905495,
        "rel_err_median": 0.017252195289896497,
        "rel_err_q25": 0.017252195289896497,
        "rel_err_q75": 0.017252195289896497,
        "n_seeds": 3
      }
    }
  ]
}