{
  "params": {
    "n": 2000,
    "d": 500,
    "ell": 20,
    "n_seeds": 3,
    "densities": [
      0.005,
      0.02,
      0.05,
      0.1,
      0.3
    ]
  },
  "calib": {
    "alpha_fd": 2.782950163394992e-09,
    "fixed_fd": 0.0,
    "beta_sfd": 2.5867056993033145e-09,
    "fixed_sfd": 0.0005610817274282975,
    "d": 500,
    "ell": 20,
    "n_iter": 4,
    "device": "cpu",
    "grid": [
      [
        100,
        0.5
      ],
      [
        100,
        0.05
      ],
      [
        300,
        0.5
      ],
      [
        300,
        0.05
      ],
      [
        600,
        0.5
      ],
      [
        600,
        0.05
      ],
      [
        1000,
        0.05
      ],
      [
        1000,
        0.01
      ]
    ]
  },
  "rows": [
    {
      "rho": 0.005,
      "n": 2000,
      "d": 500,
      "ell": 20,
      "fd": {
        "wall_median": 0.05735624999215361,
        "wall_q25": 0.05711777099350002,
        "wall_q75": 0.058212708492646925,
        "cov_err_median": 0.20985573462442897,
        "cov_err_q25": 0.20985573462442897,
        "cov_err_q75": 0.20985573462442897,
        "rel_err_median": 0.010914631645895964,
        "rel_err_q25": 0.010914631645895964,
        "rel_err_q75": 0.010914631645895964,
        "n_seeds": 3
      },
      "sfd": {
        "wall_median": 0.007060084011754952,
        "wall_q25": 0.006685083506454248,
        "wall_q75": 0.007108542005880736,
        "cov_err_median": 0.14353775766306912,
        "cov_err_q25": 0.14223141908256218,
        "cov_err_q75": 0.14455789565130794,
        "rel_err_median": 0.007465422638909899,
        "rel_err_q25": 0.007397479752161661,
        "rel_err_q75": 0.007518480185274019,
        "n_seeds": 3
      },
      "adaptive": {
        "wall_median": 0.006738165990100242,
        "wall_q25": 0.0065388119983254,
        "wall_q75": 0.006896436992974486,
        "cov_err_median": 0.14353775766306912,
        "cov_err_q25": 0.14223141908256218,
        "cov_err_q75": 0.14455789565130794,
        "rel_err_median": 0.007465422638909899,
        "rel_err_q25": 0.007397479752161661,
        "rel_err_q75": 0.007518480185274019,
        "n_seeds": 3
      }
    },
    {
      "rho": 0.02,
      "n": 2000,
      "d": 500,
      "ell": 20,
      "fd": {
        "wall_median": 0.059065166002255864,
        "wall_q25": 0.057970479007053655,
        "wall_q75": 0.059868666001420934,
        "cov_err_median": 0.7889129296518319,
        "cov_err_q25": 0.7889129296518319,
        "cov_err_q75": 0.7889129296518319,
        "rel_err_median": 0.008128333213394907,
        "rel_err_q25": 0.008128333213394907,
        "rel_err_q75": 0.008128333213394907,
        "n_seeds": 3
      },
      "sfd": {
        "wall_median": 0.00801099999807775,
        "wall_q25": 0.007832416500605177,
        "wall_q75": 0.008072229502431583,
        "cov_err_median": 0.6411389923961001,
        "cov_err_q25": 0.6371989423504326,
        "cov_err_q75": 0.6429933549292977,
        "rel_err_median": 0.006605787749727577,
        "rel_err_q25": 0.006565192598545594,
        "rel_err_q75": 0.006624893630746561,
        "n_seeds": 3
      },
      "adaptive": {
        "wall_median": 0.008583332994021475,
        "wall_q25": 0.008325374496052973,
        "wall_q75": 0.008634207995783072,
        "cov_err_median": 0.6411389923961001,
        "cov_err_q25": 0.6371989423504326,
        "cov_err_q75": 0.6429933549292977,
        "rel_err_median": 0.006605787749727577,
        "rel_err_q25": 0.006565192598545594,
        "rel_err_q75": 0.006624893630746561,
        "n_seeds": 3
      }
    },
    {
      "rho": 0.05,
      "n": 2000,
      "d": 500,
      "ell": 20,
      "fd": {
        "wall_median": 0.059709624998504296,
        "wall_q25": 0.05772341650299495,
        "wall_q75": 0.060102729497884866,
        "cov_err_median": 2.390879148407746,
        "cov_err_q25": 2.390879148407746,
        "cov_err_q75": 2.390879148407746,
        "rel_err_median": 0.009839422996988407,
        "rel_err_q25": 0.009839422996988407,
        "rel_err_q75": 0.009839422996988407,
        "n_seeds": 3
      },
      "sfd": {
        "wall_median": 0.013649790998897515,
        "wall_q25": 0.013403937504335772,
        "wall_q75": 0.014554832996509504,
        "cov_err_median": 1.8234104303118908,
        "cov_err_q25": 1.8196812564654872,
        "cov_err_q75": 1.8268201256871548,
        "rel_err_median": 0.007504062483838933,
        "rel_err_q25": 0.007488715443429757,
        "rel_err_q75": 0.0075180947426883365,
        "n_seeds": 3
      },
      "adaptive": {
        "wall_median": 0.013361457997234538,
        "wall_q25": 0.013317416502104606,
        "wall_q75": 0.0134336249975604,
        "cov_err_median": 1.8234104303118908,
        "cov_err_q25": 1.8196812564654872,
        "cov_err_q75": 1.8268201256871548,
        "rel_err_median": 0.007504062483838933,
        "rel_err_q25": 0.007488715443429757,
        "rel_err_q75": 0.0075180947426883365,
        "n_seeds": 3
      }
    },
    {
      "rho": 0.1,
      "n": 2000,
      "d": 500,
      "ell": 20,
      "fd": {
        "wall_median": 0.06094879099691752,
        "wall_q25": 0.059834187501110137,
        "wall_q75": 0.061168854001152795,
        "cov_err_median": 7.817506886722322,
        "cov_err_q25": 7.817506886722322,
        "cov_err_q75": 7.817506886722322,
        "rel_err_median": 0.016195341875755227,
        "rel_err_q25": 0.016195341875755227,
        "rel_err_q75": 0.016195341875755227,
        "n_seeds": 3
      },
      "sfd": {
        "wall_median": 0.024969833000795916,
        "wall_q25": 0.024444124501314946,
        "wall_q75": 0.025708895504067186,
        "cov_err_median": 4.902220061774592,
        "cov_err_q25": 4.882511241879776,
        "cov_err_q75": 4.911061194690959,
        "rel_err_median": 0.010155811948879895,
        "rel_err_q25": 0.01011498165850863,
        "rel_err_q75": 0.01017412791229692,
        "n_seeds": 3
      },
      "adaptive": {
        "wall_median": 0.02452720901055727,
        "wall_q25": 0.024403229501331225,
        "wall_q75": 0.024835854506818578,
        "cov_err_median": 4.902220061774592,
        "cov_err_q25": 4.882511241879776,
        "cov_err_q75": 4.911061194690959,
        "rel_err_median": 0.010155811948879895,
        "rel_err_q25": 0.01011498165850863,
        "rel_err_q75": 0.01017412791229692,
        "n_seeds": 3
      }
    },
    {
      "rho": 0.3,
      "n": 2000,
      "d": 500,
      "ell": 20,
      "fd": {
        "wall_median": 0.059260457986965775,
        "wall_q25": 0.05699039549654117,
        "wall_q75": 0.06180166649573948,
        "cov_err_median": 44.178376861595964,
        "cov_err_q25": 44.178376861595964,
        "cov_err_q75": 44.178376861595964,
        "rel_err_median": 0.031045887823256017,
        "rel_err_q25": 0.031045887823256017,
        "rel_err_q75": 0.031045887823256017,
        "n_seeds": 3
      },
      "sfd": {
        "wall_median": 0.07201383300707676,
        "wall_q25": 0.07151439600420417,
        "wall_q75": 0.07296902050438803,
        "cov_err_median": 22.289526528117836,
        "cov_err_q25": 22.280262844164824,
        "cov_err_q75": 22.377003051033604,
        "rel_err_median": 0.015663729393982917,
        "rel_err_q25": 0.015657219437907884,
        "rel_err_q75": 0.0157252025967246,
        "n_seeds": 3
      },
      "adaptive": {
        "wall_median": 0.07118358300067484,
        "wall_q25": 0.07077114550338592,
        "wall_q75": 0.07219281250581844,
        "cov_err_median": 32.19907877285124,
        "cov_err_q25": 32.19907877285124,
        "cov_err_q75": 32.19907877285124,
        "rel_err_median": 0.022627562590764018,
        "rel_err_q25": 0.022627562590764018,
        "rel_err_q75": 0.022627562590764018,
        "n_seeds": 3
      }
    }
  ]
}