{
  "params": {
    "n": 2000,
    "d": 500,
    "ell": 20,
    "n_seeds": 3,
    "densities": [
      0.005,
      0.02,
      0.05,
      0.1,
      0.3
    ]
  },
  "calib": {
    "alpha_fd": 1.0486615489130176e-08,
    "fixed_fd": 0.0,
    "beta_sfd": 9.482865120464554e-09,
    "fixed_sfd": 0.001879785358488486,
    "d": 500,
    "ell": 20,
    "n_iter": 4,
    "device": "cpu",
    "grid": [
      [
        100,
        0.5
      ],
      [
        100,
        0.05
      ],
      [
        300,
        0.5
      ],
      [
        300,
        0.05
      ],
      [
        600,
        0.5
      ],
      [
        600,
        0.05
      ],
      [
        1000,
        0.05
      ],
      [
        1000,
        0.01
      ]
    ]
  },
  "rows": [
    {
      "rho": 0.005,
      "n": 2000,
      "d": 500,
      "ell": 20,
      "fd": {
        "wall_median": 0.2241732569999897,
        "wall_q25": 0.22139653150000527,
        "wall_q75": 0.23355014399999163,
        "cov_err_median": 0.20985573462442894,
        "cov_err_q25": 0.20985573462442894,
        "cov_err_q75": 0.20985573462442894,
        "rel_err_median": 0.010914631645895963,
        "rel_err_q25": 0.010914631645895963,
        "rel_err_q75": 0.010914631645895963,
        "n_seeds": 3
      },
      "sfd": {
        "wall_median": 0.011405164999985118,
        "wall_q25": 0.010997304499994698,
        "wall_q75": 0.017696248500001843,
        "cov_err_median": 0.1435377576630691,
        "cov_err_q25": 0.1422314190825622,
        "cov_err_q75": 0.14455789565130797,
        "rel_err_median": 0.007465422638909898,
        "rel_err_q25": 0.007397479752161663,
        "rel_err_q75": 0.007518480185274021,
        "n_seeds": 3
      },
      "adaptive": {
        "wall_median": 0.03635339600000975,
        "wall_q25": 0.023810765999996875,
        "wall_q75": 0.32839103999999963,
        "cov_err_median": 0.1435377576630691,
        "cov_err_q25": 0.1422314190825622,
        "cov_err_q75": 0.14455789565130797,
        "rel_err_median": 0.007465422638909898,
        "rel_err_q25": 0.007397479752161663,
        "rel_err_q75": 0.007518480185274021,
        "n_seeds": 3
      }
    },
    {
      "rho": 0.02,
      "n": 2000,
      "d": 500,
      "ell": 20,
      "fd": {
        "wall_median": 0.22111991500000272,
        "wall_q25": 0.22067080000000772,
        "wall_q75": 0.2216770650000086,
        "cov_err_median": 0.7916462828069463,
        "cov_err_q25": 0.7916462828069463,
        "cov_err_q75": 0.7916462828069463,
        "rel_err_median": 0.00815635292061746,
        "rel_err_q25": 0.00815635292061746,
        "rel_err_q75": 0.00815635292061746,
        "n_seeds": 3
      },
      "sfd": {
        "wall_median": 0.02200725800000214,
        "wall_q25": 0.021848109000004,
        "wall_q75": 0.02318733199999201,
        "cov_err_median": 0.6404247839174584,
        "cov_err_q25": 0.6377240997436913,
        "cov_err_q75": 0.6429308269823778,
        "rel_err_median": 0.0065983137547489705,
        "rel_err_q25": 0.0065704885331484,
        "rel_err_q75": 0.006624133583775735,
        "n_seeds": 3
      },
      "adaptive": {
        "wall_median": 0.021934635999997454,
        "wall_q25": 0.021457377499999097,
        "wall_q75": 0.02217282150000699,
        "cov_err_median": 0.6404247839174584,
        "cov_err_q25": 0.6377240997436913,
        "cov_err_q75": 0.6429308269823778,
        "rel_err_median": 0.0065983137547489705,
        "rel_err_q25": 0.0065704885331484,
        "rel_err_q75": 0.006624133583775735,
        "n_seeds": 3
      }
    },
    {
      "rho": 0.05,
      "n": 2000,
      "d": 500,
      "ell": 20,
      "fd": {
        "wall_median": 0.2190074920000029,
        "wall_q25": 0.21579508900001088,
        "wall_q75": 0.22452645399999938,
        "cov_err_median": 2.3859807830167576,
        "cov_err_q25": 2.3859807830167576,
        "cov_err_q75": 2.3859807830167576,
        "rel_err_median": 0.00982003094803594,
        "rel_err_q25": 0.00982003094803594,
        "rel_err_q75": 0.00982003094803594,
        "n_seeds": 3
      },
      "sfd": {
        "wall_median": 0.043999635999995235,
        "wall_q25": 0.04321835700000065,
        "wall_q75": 0.044744330499995044,
        "cov_err_median": 1.8234478416220026,
        "cov_err_q25": 1.81975141916344,
        "cov_err_q75": 1.8238841963327794,
        "rel_err_median": 0.007504802370711986,
        "rel_err_q25": 0.007489588927586847,
        "rel_err_q75": 0.007506598284909891,
        "n_seeds": 3
      },
      "adaptive": {
        "wall_median": 0.04467689499998073,
        "wall_q25": 0.044476428999999484,
        "wall_q75": 0.0447525429999871,
        "cov_err_median": 1.8234478416220026,
        "cov_err_q25": 1.81975141916344,
        "cov_err_q75": 1.8238841963327794,
        "rel_err_median": 0.007504802370711986,
        "rel_err_q25": 0.007489588927586847,
        "rel_err_q75": 0.007506598284909891,
        "n_seeds": 3
      }
    },
    {
      "rho": 0.1,
      "n": 2000,
      "d": 500,
      "ell": 20,
      "fd": {
        "wall_median": 0.2531231030000072,
        "wall_q25": 0.24014751849999527,
        "wall_q75": 0.398005678500013,
        "cov_err_median": 7.818604109985216,
        "cov_err_q25": 7.818604109985216,
        "cov_err_q75": 7.818604109985216,
        "rel_err_median": 0.01620036195036924,
        "rel_err_q25": 0.01620036195036924,
        "rel_err_q75": 0.01620036195036924,
        "n_seeds": 3
      },
      "sfd": {
        "wall_median": 0.11601757700000803,
        "wall_q25": 0.0998225725000026,
        "wall_q75": 0.17804981599999792,
        "cov_err_median": 4.913436006379122,
        "cov_err_q25": 4.890666722312038,
        "cov_err_q75": 4.914659722504508,
        "rel_err_median": 0.01018077403633486,
        "rel_err_q25": 0.010133595455855713,
        "rel_err_q75": 0.010183309609677222,
        "n_seeds": 3
      },
      "adaptive": {
        "wall_median": 0.08170695699999442,
        "wall_q25": 0.0813788340000059,
        "wall_q75": 0.08361665900000048,
        "cov_err_median": 4.913436006379122,
        "cov_err_q25": 4.890666722312038,
        "cov_err_q75": 4.914659722504508,
        "rel_err_median": 0.01018077403633486,
        "rel_err_q25": 0.010133595455855713,
        "rel_err_q75": 0.010183309609677222,
        "n_seeds": 3
      }
    },
    {
      "rho": 0.3,
      "n": 2000,
      "d": 500,
      "ell": 20,
      "fd": {
        "wall_median": 0.21615979699998888,
        "wall_q25": 0.21561906149999288,
        "wall_q75": 0.2181899304999888,
        "cov_err_median": 44.18941674445658,
        "cov_err_q25": 44.18941674445658,
        "cov_err_q75": 44.18941674445658,
        "rel_err_median": 0.03104968108284296,
        "rel_err_q25": 0.03104968108284296,
        "rel_err_q75": 0.03104968108284296,
        "n_seeds": 3
      },
      "sfd": {
        "wall_median": 0.2536216080000031,
        "wall_q25": 0.24900938700000097,
        "wall_q75": 0.2600081125000031,
        "cov_err_median": 22.276782336110884,
        "cov_err_q25": 22.270284510037115,
        "cov_err_q75": 22.34447574105758,
        "rel_err_median": 0.015652774760258004,
        "rel_err_q25": 0.015648209064618952,
        "rel_err_q75": 0.015700339511953224,
        "n_seeds": 3
      },
      "adaptive": {
        "wall_median": 0.19082496199999355,
        "wall_q25": 0.18453304299998763,
        "wall_q75": 0.1978207614999974,
        "cov_err_median": 24.549449013147175,
        "cov_err_q25": 24.549449013147175,
        "cov_err_q75": 24.549449013147175,
        "rel_err_median": 0.017249663353236175,
        "rel_err_q25": 0.017249663353236175,
        "rel_err_q75": 0.017249663353236175,
        "n_seeds": 3
      }
    }
  ]
}