{
  "params": {
    "n1": 20000,
    "n2": 2000,
    "d": 1000,
    "ell": 20,
    "rho1": 0.005,
    "rho2": 0.3,
    "n_seeds": 3
  },
  "calib": {
    "alpha_fd": 2.6334700983458295e-09,
    "beta_sfd": 1.8513821109502708e-09,
    "d": 1000,
    "ell": 20,
    "n_iter": 4,
    "device": "cpu",
    "grid": [
      [
        200,
        0.5
      ],
      [
        200,
        0.05
      ],
      [
        500,
        0.5
      ],
      [
        500,
        0.05
      ],
      [
        1000,
        0.01
      ]
    ]
  },
  "summary": {
    "fd": {
      "wall_median": 1.1179106659983518,
      "wall_q25": 1.0676323329971638,
      "wall_q75": 1.1493927285046084,
      "cov_err_median": 84.93065423749532,
      "cov_err_q25": 84.93065423749532,
      "cov_err_q75": 84.93065423749532,
      "rel_err_median": 0.030097847719578314,
      "rel_err_q25": 0.030097847719578314,
      "rel_err_q75": 0.030097847719578314,
      "n_seeds": 3
    },
    "sfd": {
      "wall_median": 0.12994774999970105,
      "wall_q25": 0.125821771005576,
      "wall_q75": 0.13538739599607652,
      "cov_err_median": 40.44568474303603,
      "cov_err_q25": 40.321782746485525,
      "cov_err_q75": 40.91528859906066,
      "rel_err_median": 0.01433320008233897,
      "rel_err_q25": 0.014289291514133419,
      "rel_err_q75": 0.014499618974010664,
      "n_seeds": 3
    },
    "adaptive": {
      "wall_median": 0.14321291699889116,
      "wall_q25": 0.1431701250039623,
      "wall_q75": 0.14421806300379103,
      "cov_err_median": 45.19326406410251,
      "cov_err_q25": 45.1932639494418,
      "cov_err_q75": 45.19328696678199,
      "rel_err_median": 0.01601565408819771,
      "rel_err_q25": 0.016015654047564082,
      "rel_err_q75": 0.016015662204482292,
      "n_seeds": 3
    }
  },
  "adaptive_log": [
    {
      "t": 0,
      "start": 0,
      "end": 4000,
      "batch_rows": 4000,
      "batch_nnz": 20000,
      "choice": "sfd",
      "attempts": 1,
      "c_fd": 0.21173099590700467,
      "c_sfd": 0.008901445189448902,
      "rho_eff": 0.009950248756218905,
      "rho_batch": 0.005
    },
    {
      "t": 1,
      "start": 4000,
      "end": 8000,
      "batch_rows": 4000,
      "batch_nnz": 20000,
      "choice": "sfd",
      "attempts": 1,
      "c_fd": 0.21173099590700467,
      "c_sfd": 0.008901445189448902,
      "rho_eff": 0.009950248756218905,
      "rho_batch": 0.005
    },
    {
      "t": 2,
      "start": 8000,
      "end": 12000,
      "batch_rows": 4000,
      "batch_nnz": 20000,
      "choice": "sfd",
      "attempts": 1,
      "c_fd": 0.21173099590700467,
      "c_sfd": 0.008901445189448902,
      "rho_eff": 0.009950248756218905,
      "rho_batch": 0.005
    },
    {
      "t": 3,
      "start": 12000,
      "end": 16000,
      "batch_rows": 4000,
      "batch_nnz": 20000,
      "choice": "sfd",
      "attempts": 1,
      "c_fd": 0.21173099590700467,
      "c_sfd": 0.008901445189448902,
      "rho_eff": 0.009950248756218905,
      "rho_batch": 0.005
    },
    {
      "t": 4,
      "start": 16000,
      "end": 20000,
      "batch_rows": 4000,
      "batch_nnz": 20000,
      "choice": "sfd",
      "attempts": 1,
      "c_fd": 0.21173099590700467,
      "c_sfd": 0.008901445189448902,
      "rho_eff": 0.009950248756218905,
      "rho_batch": 0.005
    },
    {
      "t": 5,
      "start": 20000,
      "end": 20067,
      "batch_rows": 67,
      "batch_nnz": 20100,
      "choice": "fd",
      "attempts": 1,
      "c_fd": 0.004582237971121743,
      "c_sfd": 0.006003661909389538,
      "rho_eff": 0.46091954022988507,
      "rho_batch": 0.3
    },
    {
      "t": 6,
      "start": 20067,
      "end": 20134,
      "batch_rows": 67,
      "batch_nnz": 20100,
      "choice": "fd",
      "attempts": 1,
      "c_fd": 0.004582237971121743,
      "c_sfd": 0.006003661909389538,
      "rho_eff": 0.46091954022988507,
      "rho_batch": 0.3
    },
    {
      "t": 7,
      "start": 20134,
      "end": 20201,
      "batch_rows": 67,
      "batch_nnz": 20100,
      "choice": "fd",
      "attempts": 1,
      "c_fd": 0.004582237971121743,
      "c_sfd": 0.006003661909389538,
      "rho_eff": 0.46091954022988507,
      "rho_batch": 0.3
    },
    {
      "t": 8,
      "start": 20201,
      "end": 20268,
      "batch_rows": 67,
      "batch_nnz": 20100,
      "choice": "fd",
      "attempts": 1,
      "c_fd": 0.004582237971121743,
      "c_sfd": 0.006003661909389538,
      "rho_eff": 0.46091954022988507,
      "rho_batch": 0.3
    },
    {
      "t": 9,
      "start": 20268,
      "end": 20335,
      "batch_rows": 67,
      "batch_nnz": 20100,
      "choice": "fd",
      "attempts": 1,
      "c_fd": 0.004582237971121743,
      "c_sfd": 0.006003661909389538,
      "rho_eff": 0.46091954022988507,
      "rho_batch": 0.3
    },
    {
      "t": 10,
      "start": 20335,
      "end": 20402,
      "batch_rows": 67,
      "batch_nnz": 20100,
      "choice": "fd",
      "attempts": 1,
      "c_fd": 0.004582237971121743,
      "c_sfd": 0.006003661909389538,
      "rho_eff": 0.46091954022988507,
      "rho_batch": 0.3
    },
    {
      "t": 11,
      "start": 20402,
      "end": 20469,
      "batch_rows": 67,
      "batch_nnz": 20100,
      "choice": "fd",
      "attempts": 1,
      "c_fd": 0.004582237971121743,
      "c_sfd": 0.006003661909389538,
      "rho_eff": 0.46091954022988507,
      "rho_batch": 0.3
    },
    {
      "t": 12,
      "start": 20469,
      "end": 20536,
      "batch_rows": 67,
      "batch_nnz": 20100,
      "choice": "fd",
      "attempts": 1,
      "c_fd": 0.004582237971121743,
      "c_sfd": 0.006003661909389538,
      "rho_eff": 0.46091954022988507,
      "rho_batch": 0.3
    },
    {
      "t": 13,
      "start": 20536,
      "end": 20603,
      "batch_rows": 67,
      "batch_nnz": 20100,
      "choice": "fd",
      "attempts": 1,
      "c_fd": 0.004582237971121743,
      "c_sfd": 0.006003661909389538,
      "rho_eff": 0.46091954022988507,
      "rho_batch": 0.3
    },
    {
      "t": 14,
      "start": 20603,
      "end": 20670,
      "batch_rows": 67,
      "batch_nnz": 20100,
      "choice": "fd",
      "attempts": 1,
      "c_fd": 0.004582237971121743,
      "c_sfd": 0.006003661909389538,
      "rho_eff": 0.46091954022988507,
      "rho_batch": 0.3
    },
    {
      "t": 15,
      "start": 20670,
      "end": 20737,
      "batch_rows": 67,
      "batch_nnz": 20100,
      "choice": "fd",
      "attempts": 1,
      "c_fd": 0.004582237971121743,
      "c_sfd": 0.006003661909389538,
      "rho_eff": 0.46091954022988507,
      "rho_batch": 0.3
    },
    {
      "t": 16,
      "start": 20737,
      "end": 20804,
      "batch_rows": 67,
      "batch_nnz": 20100,
      "choice": "fd",
      "attempts": 1,
      "c_fd": 0.004582237971121743,
      "c_sfd": 0.006003661909389538,
      "rho_eff": 0.46091954022988507,
      "rho_batch": 0.3
    },
    {
      "t": 17,
      "start": 20804,
      "end": 20871,
      "batch_rows": 67,
      "batch_nnz": 20100,
      "choice": "fd",
      "attempts": 1,
      "c_fd": 0.004582237971121743,
      "c_sfd": 0.006003661909389538,
      "rho_eff": 0.46091954022988507,
      "rho_batch": 0.3
    },
    {
      "t": 18,
      "start": 20871,
      "end": 20938,
      "batch_rows": 67,
      "batch_nnz": 20100,
      "choice": "fd",
      "attempts": 1,
      "c_fd": 0.004582237971121743,
      "c_sfd": 0.006003661909389538,
      "rho_eff": 0.46091954022988507,
      "rho_batch": 0.3
    },
    {
      "t": 19,
      "start": 20938,
      "end": 21005,
      "batch_rows": 67,
      "batch_nnz": 20100,
      "choice": "fd",
      "attempts": 1,
      "c_fd": 0.004582237971121743,
      "c_sfd": 0.006003661909389538,
      "rho_eff": 0.46091954022988507,
      "rho_batch": 0.3
    },
    {
      "t": 20,
      "start": 21005,
      "end": 21072,
      "batch_rows": 67,
      "batch_nnz": 20100,
      "choice": "fd",
      "attempts": 1,
      "c_fd": 0.004582237971121743,
      "c_sfd": 0.006003661909389538,