{
  "params": {
    "n": 2000,
    "d": 500,
    "ell": 20,
    "densities": [
      0.005,
      0.02,
      0.05,
      0.1,
      0.3
    ]
  },
  "cpu": {
    "calib": {
      "alpha_fd": 1.0934248974679784e-08,
      "beta_sfd": 1.071230667432062e-08,
      "d": 500,
      "ell": 20,
      "n_iter": 4,
      "device": "cpu",
      "grid": [
        [
          200,
          0.5
        ],
        [
          200,
          0.05
        ],
        [
          500,
          0.5
        ],
        [
          500,
          0.05
        ],
        [
          1000,
          0.01
        ]
      ]
    },
    "rows": [
      {
        "rho": 0.005,
        "fd": {
          "wall_median": 0.24279724999996688,
          "wall_q25": 0.2330604129999756,
          "wall_q75": 0.2446691204999638,
          "cov_err_median": 0.20985573462442894,
          "cov_err_q25": 0.20985573462442894,
          "cov_err_q75": 0.20985573462442894,
          "rel_err_median": 0.010914631645895963,
          "rel_err_q25": 0.010914631645895963,
          "rel_err_q75": 0.010914631645895963,
          "n_seeds": 3
        },
        "sfd": {
          "wall_median": 0.011116957000012917,
          "wall_q25": 0.01101282249999258,
          "wall_q75": 0.011227218499982428,
          "cov_err_median": 0.1435377576630691,
          "cov_err_q25": 0.1422314190825622,
          "cov_err_q75": 0.14455789565130797,
          "rel_err_median": 0.007465422638909898,
          "rel_err_q25": 0.007397479752161663,
          "rel_err_q75": 0.007518480185274021,
          "n_seeds": 3
        }
      },
      {
        "rho": 0.02,
        "fd": {
          "wall_median": 0.23108959600006074,
          "wall_q25": 0.2272139685000525,
          "wall_q75": 0.24146903050001356,
          "cov_err_median": 0.7916462828069463,
          "cov_err_q25": 0.7916462828069463,
          "cov_err_q75": 0.7916462828069463,
          "rel_err_median": 0.00815635292061746,
          "rel_err_q25": 0.00815635292061746,
          "rel_err_q75": 0.00815635292061746,
          "n_seeds": 3
        },
        "sfd": {
          "wall_median": 0.04104097099991577,
          "wall_q25": 0.031620682499919894,
          "wall_q75": 0.043099308999956065,
          "cov_err_median": 0.6404247839174584,
          "cov_err_q25": 0.6377240997436913,
          "cov_err_q75": 0.6429308269823778,
          "rel_err_median": 0.0065983137547489705,
          "rel_err_q25": 0.0065704885331484,
          "rel_err_q75": 0.006624133583775735,
          "n_seeds": 3
        }
      },
      {
        "rho": 0.05,
        "fd": {
          "wall_median": 0.46127740800000083,
          "wall_q25": 0.3402276045000008,
          "wall_q75": 1.0558167830000116,
          "cov_err_median": 2.3859807830167576,
          "cov_err_q25": 2.3859807830167576,
          "cov_err_q75": 2.3859807830167576,
          "rel_err_median": 0.00982003094803594,
          "rel_err_q25": 0.00982003094803594,
          "rel_err_q75": 0.00982003094803594,
          "n_seeds": 3
        },
        "sfd": {
          "wall_median": 0.04822242799991727,
          "wall_q25": 0.04637763149997909,
          "wall_q75": 0.05270520499993836,
          "cov_err_median": 1.8234478416220026,
          "cov_err_q25": 1.81975141916344,
          "cov_err_q75": 1.8238841963327794,
          "rel_err_median": 0.007504802370711986,
          "rel_err_q25": 0.007489588927586847,
          "rel_err_q75": 0.007506598284909891,
          "n_seeds": 3
        }
      },
      {
        "rho": 0.1,
        "fd": {
          "wall_median": 0.2168242249999821,
          "wall_q25": 0.2136753749999798,
          "wall_q75": 0.2345797605000257,
          "cov_err_median": 7.818604109985216,
          "cov_err_q25": 7.818604109985216,
          "cov_err_q75": 7.818604109985216,
          "rel_err_median": 0.01620036195036924,
          "rel_err_q25": 0.01620036195036924,
          "rel_err_q75": 0.01620036195036924,
          "n_seeds": 3
        },
        "sfd": {
          "wall_median": 0.08743907999996736,
          "wall_q25": 0.08520717850001347,
          "wall_q75": 0.08863252999998394,
          "cov_err_median": 4.913436006379122,
          "cov_err_q25": 4.890666722312038,
          "cov_err_q75": 4.914659722504508,
          "rel_err_median": 0.01018077403633486,
          "rel_err_q25": 0.010133595455855713,
          "rel_err_q75": 0.010183309609677222,
          "n_seeds": 3
        }
      },
      {
        "rho": 0.3,
        "fd": {
          "wall_median": 0.23086677100002362,
          "wall_q25": 0.21780328500000223,
          "wall_q75": 0.23220749950002073,
          "cov_err_median": 44.18941674445658,
          "cov_err_q25": 44.18941674445658,
          "cov_err_q75": 44.18941674445658,
          "rel_err_median": 0.03104968108284296,
          "rel_err_q25": 0.03104968108284296,
          "rel_err_q75": 0.03104968108284296,
          "n_seeds": 3
        },
        "sfd": {
          "wall_median": 0.24461625300000378,
          "wall_q25": 0.24089963749997878,
          "wall_q75": 0.24768825649999826,
          "cov_err_median": 22.276782336110884,
          "cov_err_q25": 22.270284510037115,
          "cov_err_q75": 22.34447574105758,
          "rel_err_median": 0.015652774760258004,
          "rel_err_q25": 0.015648209064618952,
          "rel_err_q75": 0.015700339511953224,
          "n_seeds": 3
        }
      }
    ]
  },
  "gpu": {
    "calib": null,
    "rows": [
      {
        "rho": 0.005,
        "fd_wall": 0.5620039570000017,
        "sfd_wall": 0.007075879000012719
      },
      {
        "rho": 0.02,
        "fd_wall": 0.44083407499999794,
        "sfd_wall": 0.014102191000006314
      },
      {
        "rho": 0.05,
        "fd_wall": 0.45144816799995624,
        "sfd_wall": 0.03292380799996408
      },
      {
        "rho": 0.1,
        "fd_wall": 0.43840381600000455,
        "sfd_wall": 0.06075045800002954
      },
      {
        "rho": 0.3,
        "fd_wall": 0.4307607179999877,
        "sfd_wall": 0.191411764999998
      }
    ]
  }
}