{
  "params": {
    "n": 10000,
    "d": 1000,
    "ell": 20,
    "densities": [
      0.005,
      0.02,
      0.05,
      0.1,
      0.3
    ]
  },
  "cpu": {
    "calib": {
      "alpha_fd": 8.108512271738926e-09,
      "fixed_fd": 0.0,
      "beta_sfd": 8.40773281793154e-09,
      "fixed_sfd": 0.0019365318720290286,
      "d": 1000,
      "ell": 20,
      "n_iter": 4,
      "device": "cpu",
      "grid": [
        [
          100,
          0.5
        ],
        [
          100,
          0.05
        ],
        [
          300,
          0.5
        ],
        [
          300,
          0.05
        ],
        [
          600,
          0.5
        ],
        [
          600,
          0.05
        ],
        [
          1000,
          0.05
        ],
        [
          1000,
          0.01
        ]
      ]
    },
    "rows": [
      {
        "rho": 0.005,
        "fd": {
          "wall_median": 1.761434320999797,
          "wall_q25": 1.7488714285000242,
          "wall_q75": 1.8416246219999266,
          "cov_err_median": 0.20843769547710386,
          "cov_err_q25": 0.20843769547710386,
          "cov_err_q75": 0.20843769547710386,
          "rel_err_median": 0.00419682878162688,
          "rel_err_q25": 0.00419682878162688,
          "rel_err_q75": 0.00419682878162688,
          "n_seeds": 3
        },
        "sfd": {
          "wall_median": 0.0580150899995715,
          "wall_q25": 0.057296534499982954,
          "wall_q75": 0.05869598199979009,
          "cov_err_median": 0.15646477642744816,
          "cov_err_q25": 0.15645697216684112,
          "cov_err_q75": 0.1567502998448261,
          "rel_err_median": 0.0031503700687079447,
          "rel_err_q25": 0.0031502129323250083,
          "rel_err_q75": 0.003156118994750988,
          "n_seeds": 3
        }
      },
      {
        "rho": 0.02,
        "fd": {
          "wall_median": 1.9694145350003964,
          "wall_q25": 1.8535822790004204,
          "wall_q75": 2.9102305180003896,
          "cov_err_median": 0.7664248019259026,
          "cov_err_q25": 0.7664248019259026,
          "cov_err_q75": 0.7664248019259026,
          "rel_err_median": 0.0038444813282004953,
          "rel_err_q25": 0.0038444813282004953,
          "rel_err_q75": 0.0038444813282004953,
          "n_seeds": 3
        },
        "sfd": {
          "wall_median": 0.1848409320000428,
          "wall_q25": 0.16945891949990255,
          "wall_q75": 0.2062357264999264,
          "cov_err_median": 0.7361128744470122,
          "cov_err_q25": 0.7347451312776453,
          "cov_err_q75": 0.7389292188669747,
          "rel_err_median": 0.003692432961652947,
          "rel_err_q25": 0.0036855721932341906,
          "rel_err_q75": 0.003706560092597979,
          "n_seeds": 3
        }
      },
      {
        "rho": 0.05,
        "fd": {
          "wall_median": 1.8238931759997286,
          "wall_q25": 1.8081611694997264,
          "wall_q75": 2.0202082004998374,
          "cov_err_median": 3.5121460978660295,
          "cov_err_q25": 3.5121460978660295,
          "cov_err_q75": 3.5121460978660295,
          "rel_err_median": 0.007072984181298842,
          "rel_err_q25": 0.007072984181298842,
          "rel_err_q75": 0.007072984181298842,
          "n_seeds": 3
        },
        "sfd": {
          "wall_median": 0.3506808030006141,
          "wall_q25": 0.3452276340003664,
          "wall_q75": 0.35127336000005016,
          "cov_err_median": 2.9588110455297545,
          "cov_err_q25": 2.945711034192212,
          "cov_err_q75": 2.9679523261939327,
          "rel_err_median": 0.005958642703730295,
          "rel_err_q25": 0.005932261064019585,
          "rel_err_q75": 0.005977051998712024,
          "n_seeds": 3
        }
      },
      {
        "rho": 0.1,
        "fd": {
          "wall_median": 1.7301221999996415,
          "wall_q25": 1.7187638314999276,
          "wall_q75": 1.7624377765000645,
          "cov_err_median": 12.700089675837665,
          "cov_err_q25": 12.700089675837665,
          "cov_err_q75": 12.700089675837665,
          "rel_err_median": 0.012861223456947608,
          "rel_err_q25": 0.012861223456947608,
          "rel_err_q75": 0.012861223456947608,
          "n_seeds": 3
        },
        "sfd": {
          "wall_median": 0.6879844630002481,
          "wall_q25": 0.667773772000146,
          "wall_q75": 1.5725957439999547,
          "cov_err_median": 8.759265936166944,
          "cov_err_q25": 8.747831757023105,
          "cov_err_q75": 8.79998496797265,
          "rel_err_median": 0.008870400083725553,
          "rel_err_q25": 0.008858820832179364,
          "rel_err_q75": 0.008911635742714646,
          "n_seeds": 3
        }
      },
      {
        "rho": 0.3,
        "fd": {
          "wall_median": 1.6260398200001873,
          "wall_q25": 1.6001619580001716,
          "wall_q75": 2.8839195554996877,
          "cov_err_median": 93.39695066801352,
          "cov_err_q25": 93.39695066801352,
          "cov_err_q75": 93.39695066801352,
          "rel_err_median": 0.0322705113007976,
          "rel_err_q25": 0.0322705113007976,
          "rel_err_q75": 0.0322705113007976,
          "n_seeds": 3
        },
        "sfd": {
          "wall_median": 2.3731638399995063,
          "wall_q25": 2.175306137499774,
          "wall_q75": 3.234630845999618,
          "cov_err_median": 43.01135081749015,
          "cov_err_q25": 43.007888623096264,
          "cov_err_q75": 43.021081704786575,
          "rel_err_median": 0.014861280509597471,
          "rel_err_q25": 0.01486008425230519,
          "rel_err_q75": 0.014864642725453773,
          "n_seeds": 3
        }
      }
    ]
  },
  "gpu": {
    "rows": [
      {
        "rho": 0.005,
        "fd_wall": 2.286082863000047,
        "fd_q25": 2.2499299959999917,
        "fd_q75": 2.4856191115,
        "sfd_wall": 0.021112942999934603,
        "sfd_q25": 0.02094472999988284,
        "sfd_q75": 0.02444163700010904
      },
      {
        "rho": 0.02,
        "fd_wall": 2.22421381499953,
        "fd_q25": 2.2192615029998706,
        "fd_q75": 2.382670496999708,
        "sfd_wall": 0.06565790900003776,
        "sfd_q25": 0.06529329449995203,
        "sfd_q75": 0.07808143400006884
      },
      {
        "rho": 0.05,
        "fd_wall": 2.247425884000222,
        "fd_q25": 2.2461566215001767,
        "fd_q75": 2.2714560620001976,
        "sfd_wall": 0.1614203279996218,
        "sfd_q25": 0.16036072399947443,
        "sfd_q75": 0.1615120305000346
      },
      {
        "rho": 0.1,
        "fd_wall": 2.274496132999957,
        "fd_q25": 2.2548400595001112,
        "fd_q75": 2.4684358155000155,
        "sfd_wall": 0.31755792799958726,
        "sfd_q25": 0.3171625239997411,
        "sfd_q75": 0.32699188300011883
      },
      {
        "rho": 0.3,
        "fd_wall": 2.183018087000164,
        "fd_q25": 2.16915541949993,
        "fd_q75": 2.341979759500191,
        "sfd_wall": 1.0012578329997268,
        "sfd_q25": 0.9911817564998273,
        "sfd_q75": 1.0416153725000186
      }
    ]
  }
}