{
  "params": {
    "n": 2000,
    "d": 500,
    "ell": 20,
    "densities": [
      0.005,
      0.02,
      0.05,
      0.1,
      0.3
    ]
  },
  "cpu": {
    "calib": {
      "alpha_fd": 2.766869942597968e-09,
      "beta_sfd": 2.010220925943659e-09,
      "d": 500,
      "ell": 20,
      "n_iter": 4,
      "device": "cpu",
      "grid": [
        [
          200,
          0.5
        ],
        [
          200,
          0.05
        ],
        [
          500,
          0.5
        ],
        [
          500,
          0.05
        ],
        [
          1000,
          0.01
        ]
      ]
    },
    "rows": [
      {
        "rho": 0.005,
        "fd": {
          "wall_median": 0.057238042005337775,
          "wall_q25": 0.05669222949654795,
          "wall_q75": 0.059035020996816456,
          "cov_err_median": 0.20985573462442897,
          "cov_err_q25": 0.20985573462442897,
          "cov_err_q75": 0.20985573462442897,
          "rel_err_median": 0.01091463164589596,
          "rel_err_q25": 0.01091463164589596,
          "rel_err_q75": 0.01091463164589596,
          "n_seeds": 3
        },
        "sfd": {
          "wall_median": 0.005216582998400554,
          "wall_q25": 0.004767583493958227,
          "wall_q75": 0.005874645503354259,
          "cov_err_median": 0.14353775766306906,
          "cov_err_q25": 0.1422314190825621,
          "cov_err_q75": 0.14455789565130794,
          "rel_err_median": 0.007465422638909894,
          "rel_err_q25": 0.007397479752161654,
          "rel_err_q75": 0.007518480185274016,
          "n_seeds": 3
        }
      },
      {
        "rho": 0.02,
        "fd": {
          "wall_median": 0.058314833004260436,
          "wall_q25": 0.05668933301058132,
          "wall_q75": 0.05917429151304532,
          "cov_err_median": 0.7889129296518322,
          "cov_err_q25": 0.7889129296518322,
          "cov_err_q75": 0.7889129296518322,
          "rel_err_median": 0.008128333213394914,
          "rel_err_q25": 0.008128333213394914,
          "rel_err_q75": 0.008128333213394914,
          "n_seeds": 3
        },
        "sfd": {
          "wall_median": 0.005710208002710715,
          "wall_q25": 0.005663521005772054,
          "wall_q75": 0.005846666492288932,
          "cov_err_median": 0.6411389923961006,
          "cov_err_q25": 0.6371989423504328,
          "cov_err_q75": 0.6429933549292978,
          "rel_err_median": 0.006605787749727586,
          "rel_err_q25": 0.0065651925985455994,
          "rel_err_q75": 0.006624893630746564,
          "n_seeds": 3
        }
      },
      {
        "rho": 0.05,
        "fd": {
          "wall_median": 0.05737233298714273,
          "wall_q25": 0.055651603994192556,
          "wall_q75": 0.05857172899413854,
          "cov_err_median": 2.390879148407746,
          "cov_err_q25": 2.390879148407746,
          "cov_err_q75": 2.390879148407746,
          "rel_err_median": 0.009839422996988409,
          "rel_err_q25": 0.009839422996988409,
          "rel_err_q75": 0.009839422996988409,
          "n_seeds": 3
        },
        "sfd": {
          "wall_median": 0.0120817499991972,
          "wall_q25": 0.011809541494585574,
          "wall_q75": 0.012775187511579134,
          "cov_err_median": 1.8234104303118925,
          "cov_err_q25": 1.819681256465488,
          "cov_err_q75": 1.826820125687155,
          "rel_err_median": 0.007504062483838942,
          "rel_err_q25": 0.007488715443429762,
          "rel_err_q75": 0.007518094742688338,
          "n_seeds": 3
        }
      },
      {
        "rho": 0.1,
        "fd": {
          "wall_median": 0.0561359999992419,
          "wall_q25": 0.05554010398918763,
          "wall_q75": 0.056656146000023,
          "cov_err_median": 7.817506886722322,
          "cov_err_q25": 7.817506886722322,
          "cov_err_q75": 7.817506886722322,
          "rel_err_median": 0.016195341875755224,
          "rel_err_q25": 0.016195341875755224,
          "rel_err_q75": 0.016195341875755224,
          "n_seeds": 3
        },
        "sfd": {
          "wall_median": 0.019575374986743554,
          "wall_q25": 0.01858781249029562,
          "wall_q75": 0.0200500624923734,
          "cov_err_median": 4.9022200617745835,
          "cov_err_q25": 4.882511241879762,
          "cov_err_q75": 4.911061194690941,
          "rel_err_median": 0.010155811948879875,
          "rel_err_q25": 0.010114981658508599,
          "rel_err_q75": 0.010174127912296882,
          "n_seeds": 3
        }
      },
      {
        "rho": 0.3,
        "fd": {
          "wall_median": 0.05816383400815539,
          "wall_q25": 0.057722229495993815,
          "wall_q75": 0.05909641701146029,
          "cov_err_median": 44.17837686159596,
          "cov_err_q25": 44.17837686159596,
          "cov_err_q75": 44.17837686159596,
          "rel_err_median": 0.031045887823256013,
          "rel_err_q25": 0.031045887823256013,
          "rel_err_q75": 0.031045887823256013,
          "n_seeds": 3
        },
        "sfd": {
          "wall_median": 0.056434957979945466,
          "wall_q25": 0.05576904148620088,
          "wall_q75": 0.05653889550012536,
          "cov_err_median": 22.289526528118127,
          "cov_err_q25": 22.280262844165048,
          "cov_err_q75": 22.37700305103379,
          "rel_err_median": 0.01566372939398312,
          "rel_err_q25": 0.01565721943790804,
          "rel_err_q75": 0.015725202596724733,
          "n_seeds": 3
        }
      }
    ]
  },
  "gpu": null
}